函数	状态	归类	归属层	优先级	说明
Abs	已实现				见对应源码层
ACos	已实现				见对应源码层
AdlibRegister	已实现				见对应源码层
AdlibUnRegister	已实现				见对应源码层
Asc	已实现				见对应源码层
AscW	已实现				见对应源码层
ASin	已实现				见对应源码层
Assign	已实现				见对应源码层
ATan	已实现				见对应源码层
AutoItSetOption	已实现				见对应源码层
AutoItWinGetTitle	已实现				winemu/gui（无头）+ autoitv3-gui-egui（可选离屏）
AutoItWinSetTitle	已实现				winemu/gui（无头）+ autoitv3-gui-egui（可选离屏）
Beep	已实现				winemu/gui（无头）+ autoitv3-gui-egui（可选离屏）
Binary	已实现				见对应源码层
BinaryLen	已实现				见对应源码层
BinaryMid	已实现				见对应源码层
BinaryToString	已实现				见对应源码层
BitAND	已实现				见对应源码层
BitNOT	已实现				见对应源码层
BitOR	已实现				见对应源码层
BitRotate	已实现				见对应源码层
BitShift	已实现				见对应源码层
BitXOR	已实现				见对应源码层
BlockInput	已实现				winemu/gui（无头）+ autoitv3-gui-egui（可选离屏）
Break	已实现				winemu/gui（无头）+ autoitv3-gui-egui（可选离屏）
Call	已实现				见对应源码层
CDTray	已实现				winemu/gui（无头）+ autoitv3-gui-egui（可选离屏）
Ceiling	已实现				见对应源码层
Chr	已实现				见对应源码层
ChrW	已实现				见对应源码层
ClipGet	已实现				见对应源码层
ClipPut	已实现				见对应源码层
ConsoleRead	已实现				见对应源码层
ConsoleWrite	已实现				见对应源码层
ConsoleWriteError	已实现				见对应源码层
ControlClick	已实现				winemu/gui（无头）+ autoitv3-gui-egui（可选离屏）
ControlCommand	已实现				winemu/gui（无头）+ autoitv3-gui-egui（可选离屏）
ControlDisable	已实现				winemu/gui（无头）+ autoitv3-gui-egui（可选离屏）
ControlEnable	已实现				winemu/gui（无头）+ autoitv3-gui-egui（可选离屏）
ControlFocus	已实现				winemu/gui（无头）+ autoitv3-gui-egui（可选离屏）
ControlGetFocus	已实现				winemu/gui（无头）+ autoitv3-gui-egui（可选离屏）
ControlGetHandle	已实现				winemu/gui（无头）+ autoitv3-gui-egui（可选离屏）
ControlGetPos	已实现				winemu/gui（无头）+ autoitv3-gui-egui（可选离屏）
ControlGetText	已实现				winemu/gui（无头）+ autoitv3-gui-egui（可选离屏）
ControlHide	已实现				winemu/gui（无头）+ autoitv3-gui-egui（可选离屏）
ControlListView	已实现				winemu/gui（无头）+ autoitv3-gui-egui（可选离屏）
ControlMove	已实现				winemu/gui（无头）+ autoitv3-gui-egui（可选离屏）
ControlSend	已实现				winemu/gui（无头）+ autoitv3-gui-egui（可选离屏）
ControlSetText	已实现				winemu/gui（无头）+ autoitv3-gui-egui（可选离屏）
ControlShow	已实现				winemu/gui（无头）+ autoitv3-gui-egui（可选离屏）
ControlTreeView	已实现				winemu/gui（无头）+ autoitv3-gui-egui（可选离屏）
Cos	已实现				见对应源码层
Dec	已实现				见对应源码层
DirCopy	已实现				见对应源码层
DirCreate	已实现				见对应源码层
DirGetSize	已实现				见对应源码层
DirMove	已实现				见对应源码层
DirRemove	已实现				见对应源码层
DllCall	已实现				见对应源码层
DllCallAddress	已实现				见对应源码层
DllCallbackFree	已实现				见对应源码层
DllCallbackGetPtr	已实现				见对应源码层
DllCallbackRegister	已实现				见对应源码层
DllClose	已实现				见对应源码层
DllOpen	已实现				见对应源码层
DllStructCreate	已实现				见对应源码层
DllStructGetData	已实现				见对应源码层
DllStructGetPtr	已实现				见对应源码层
DllStructGetSize	已实现				见对应源码层
DllStructSetData	已实现				见对应源码层
DriveGetDrive	已实现				见对应源码层
DriveGetFileSystem	已实现				见对应源码层
DriveGetLabel	已实现				见对应源码层
DriveGetSerial	已实现				见对应源码层
DriveGetType	已实现				见对应源码层
DriveMapAdd	已实现				见对应源码层
DriveMapDel	已实现				见对应源码层
DriveMapGet	已实现				见对应源码层
DriveSetLabel	已实现				见对应源码层
DriveSpaceFree	已实现				见对应源码层
DriveSpaceTotal	已实现				见对应源码层
DriveStatus	已实现				见对应源码层
EnvGet	已实现				见对应源码层
EnvSet	已实现				见对应源码层
EnvUpdate	已实现				见对应源码层
Eval	已实现				见对应源码层
Execute	已实现				见对应源码层
Exp	已实现				见对应源码层
FileChangeDir	已实现				见对应源码层
FileClose	已实现				见对应源码层
FileCopy	已实现				见对应源码层
FileCreateNTFSLink	已实现				见对应源码层
FileCreateShortcut	已实现				见对应源码层
FileDelete	已实现				见对应源码层
FileExists	已实现				见对应源码层
FileFindFirstFile	已实现				见对应源码层
FileFindNextFile	已实现				见对应源码层
FileFlush	已实现				见对应源码层
FileGetAttrib	已实现				见对应源码层
FileGetEncoding	已实现				见对应源码层
FileGetLongName	已实现				见对应源码层
FileGetPos	已实现				见对应源码层
FileGetShortcut	已实现				见对应源码层
FileGetShortName	已实现				见对应源码层
FileGetSize	已实现				见对应源码层
FileGetTime	已实现				见对应源码层
FileGetVersion	已实现				见对应源码层
FileInstall	已实现				见对应源码层
FileMove	已实现				见对应源码层
FileOpen	已实现				见对应源码层
FileOpenDialog	已实现				winemu/gui（无头）+ autoitv3-gui-egui（可选离屏）
FileRead	已实现				见对应源码层
FileReadLine	已实现				见对应源码层
FileReadToArray	已实现				见对应源码层
FileRecycle	已实现				见对应源码层
FileRecycleEmpty	已实现				见对应源码层
FileSaveDialog	已实现				winemu/gui（无头）+ autoitv3-gui-egui（可选离屏）
FileSelectFolder	已实现				winemu/gui（无头）+ autoitv3-gui-egui（可选离屏）
FileSetAttrib	已实现				见对应源码层
FileSetEnd	已实现				见对应源码层
FileSetPos	已实现				见对应源码层
FileSetTime	已实现				见对应源码层
FileWrite	已实现				见对应源码层
FileWriteLine	已实现				见对应源码层
Floor	已实现				见对应源码层
FtpSetProxy	已实现				见对应源码层
FuncName	已实现				见对应源码层
GUICreate	已实现				winemu/gui（无头）+ autoitv3-gui-egui（可选离屏）
GUICtrlCreateAvi	已实现				winemu/gui（无头）+ autoitv3-gui-egui（可选离屏）
GUICtrlCreateButton	已实现				winemu/gui（无头）+ autoitv3-gui-egui（可选离屏）
GUICtrlCreateCheckbox	已实现				winemu/gui（无头）+ autoitv3-gui-egui（可选离屏）
GUICtrlCreateCombo	已实现				winemu/gui（无头）+ autoitv3-gui-egui（可选离屏）
GUICtrlCreateContextMenu	已实现				winemu/gui（无头）+ autoitv3-gui-egui（可选离屏）
GUICtrlCreateDate	已实现				winemu/gui（无头）+ autoitv3-gui-egui（可选离屏）
GUICtrlCreateDummy	已实现				winemu/gui（无头）+ autoitv3-gui-egui（可选离屏）
GUICtrlCreateEdit	已实现				winemu/gui（无头）+ autoitv3-gui-egui（可选离屏）
GUICtrlCreateGraphic	已实现				winemu/gui（无头）+ autoitv3-gui-egui（可选离屏）
GUICtrlCreateGroup	已实现				winemu/gui（无头）+ autoitv3-gui-egui（可选离屏）
GUICtrlCreateIcon	已实现				winemu/gui（无头）+ autoitv3-gui-egui（可选离屏）
GUICtrlCreateInput	已实现				winemu/gui（无头）+ autoitv3-gui-egui（可选离屏）
GUICtrlCreateLabel	已实现				winemu/gui（无头）+ autoitv3-gui-egui（可选离屏）
GUICtrlCreateList	已实现				winemu/gui（无头）+ autoitv3-gui-egui（可选离屏）
GUICtrlCreateListView	已实现				winemu/gui（无头）+ autoitv3-gui-egui（可选离屏）
GUICtrlCreateListViewItem	已实现				winemu/gui（无头）+ autoitv3-gui-egui（可选离屏）
GUICtrlCreateMenu	已实现				winemu/gui（无头）+ autoitv3-gui-egui（可选离屏）
GUICtrlCreateMenuItem	已实现				winemu/gui（无头）+ autoitv3-gui-egui（可选离屏）
GUICtrlCreateMonthCal	已实现				winemu/gui（无头）+ autoitv3-gui-egui（可选离屏）
GUICtrlCreateObj	已实现				winemu/gui（无头）+ autoitv3-gui-egui（可选离屏）
GUICtrlCreatePic	已实现				winemu/gui（无头）+ autoitv3-gui-egui（可选离屏）
GUICtrlCreateProgress	已实现				winemu/gui（无头）+ autoitv3-gui-egui（可选离屏）
GUICtrlCreateRadio	已实现				winemu/gui（无头）+ autoitv3-gui-egui（可选离屏）
GUICtrlCreateSlider	已实现				winemu/gui（无头）+ autoitv3-gui-egui（可选离屏）
GUICtrlCreateTab	已实现				winemu/gui（无头）+ autoitv3-gui-egui（可选离屏）
GUICtrlCreateTabItem	已实现				winemu/gui（无头）+ autoitv3-gui-egui（可选离屏）
GUICtrlCreateTreeView	已实现				winemu/gui（无头）+ autoitv3-gui-egui（可选离屏）
GUICtrlCreateTreeViewItem	已实现				winemu/gui（无头）+ autoitv3-gui-egui（可选离屏）
GUICtrlCreateUpdown	已实现				winemu/gui（无头）+ autoitv3-gui-egui（可选离屏）
GUICtrlDelete	已实现				winemu/gui（无头）+ autoitv3-gui-egui（可选离屏）
GUICtrlGetHandle	已实现				winemu/gui（无头）+ autoitv3-gui-egui（可选离屏）
GUICtrlGetState	已实现				winemu/gui（无头）+ autoitv3-gui-egui（可选离屏）
GUICtrlRead	已实现				winemu/gui（无头）+ autoitv3-gui-egui（可选离屏）
GUICtrlRecvMsg	已实现				winemu/gui（无头）+ autoitv3-gui-egui（可选离屏）
GUICtrlRegisterListViewSort	已实现				winemu/gui（无头）+ autoitv3-gui-egui（可选离屏）
GUICtrlSendMsg	已实现				winemu/gui（无头）+ autoitv3-gui-egui（可选离屏）
GUICtrlSendToDummy	已实现				winemu/gui（无头）+ autoitv3-gui-egui（可选离屏）
GUICtrlSetBkColor	已实现				winemu/gui（无头）+ autoitv3-gui-egui（可选离屏）
GUICtrlSetColor	已实现				winemu/gui（无头）+ autoitv3-gui-egui（可选离屏）
GUICtrlSetCursor	已实现				winemu/gui（无头）+ autoitv3-gui-egui（可选离屏）
GUICtrlSetData	已实现				winemu/gui（无头）+ autoitv3-gui-egui（可选离屏）
GUICtrlSetDefBkColor	已实现				winemu/gui（无头）+ autoitv3-gui-egui（可选离屏）
GUICtrlSetDefColor	已实现				winemu/gui（无头）+ autoitv3-gui-egui（可选离屏）
GUICtrlSetFont	已实现				winemu/gui（无头）+ autoitv3-gui-egui（可选离屏）
GUICtrlSetGraphic	已实现				winemu/gui（无头）+ autoitv3-gui-egui（可选离屏）
GUICtrlSetImage	已实现				winemu/gui（无头）+ autoitv3-gui-egui（可选离屏）
GUICtrlSetLimit	已实现				winemu/gui（无头）+ autoitv3-gui-egui（可选离屏）
GUICtrlSetOnEvent	已实现				winemu/gui（无头）+ autoitv3-gui-egui（可选离屏）
GUICtrlSetPos	已实现				winemu/gui（无头）+ autoitv3-gui-egui（可选离屏）
GUICtrlSetResizing	已实现				winemu/gui（无头）+ autoitv3-gui-egui（可选离屏）
GUICtrlSetState	已实现				winemu/gui（无头）+ autoitv3-gui-egui（可选离屏）
GUICtrlSetStyle	已实现				winemu/gui（无头）+ autoitv3-gui-egui（可选离屏）
GUICtrlSetTip	已实现				winemu/gui（无头）+ autoitv3-gui-egui（可选离屏）
GUIDelete	已实现				winemu/gui（无头）+ autoitv3-gui-egui（可选离屏）
GUIGetCursorInfo	已实现				winemu/gui（无头）+ autoitv3-gui-egui（可选离屏）
GUIGetMsg	已实现				winemu/gui（无头）+ autoitv3-gui-egui（可选离屏）
GUIGetStyle	已实现				winemu/gui（无头）+ autoitv3-gui-egui（可选离屏）
GUIRegisterMsg	已实现				winemu/gui（无头）+ autoitv3-gui-egui（可选离屏）
GUISetAccelerators	已实现				winemu/gui（无头）+ autoitv3-gui-egui（可选离屏）
GUISetBkColor	已实现				winemu/gui（无头）+ autoitv3-gui-egui（可选离屏）
GUISetCoord	已实现				winemu/gui（无头）+ autoitv3-gui-egui（可选离屏）
GUISetCursor	已实现				winemu/gui（无头）+ autoitv3-gui-egui（可选离屏）
GUISetFont	已实现				winemu/gui（无头）+ autoitv3-gui-egui（可选离屏）
GUISetHelp	已实现				winemu/gui（无头）+ autoitv3-gui-egui（可选离屏）
GUISetIcon	已实现				winemu/gui（无头）+ autoitv3-gui-egui（可选离屏）
GUISetOnEvent	已实现				winemu/gui（无头）+ autoitv3-gui-egui（可选离屏）
GUISetState	已实现				winemu/gui（无头）+ autoitv3-gui-egui（可选离屏）
GUISetStyle	已实现				winemu/gui（无头）+ autoitv3-gui-egui（可选离屏）
GUIStartGroup	已实现				winemu/gui（无头）+ autoitv3-gui-egui（可选离屏）
GUISwitch	已实现				winemu/gui（无头）+ autoitv3-gui-egui（可选离屏）
Hex	已实现				见对应源码层
HotKeySet	已实现				winemu/gui（无头）+ autoitv3-gui-egui（可选离屏）
HttpSetProxy	已实现				见对应源码层
HttpSetUserAgent	已实现				见对应源码层
HWnd	已实现				见对应源码层
InetClose	已实现				见对应源码层
InetGet	已实现				见对应源码层
InetGetInfo	已实现				见对应源码层
InetGetSize	已实现				见对应源码层
InetRead	已实现				见对应源码层
IniDelete	已实现				见对应源码层
IniRead	已实现				见对应源码层
IniReadSection	已实现				见对应源码层
IniReadSectionNames	已实现				见对应源码层
IniRenameSection	已实现				见对应源码层
IniWrite	已实现				见对应源码层
IniWriteSection	已实现				见对应源码层
InputBox	已实现				winemu/gui（无头）+ autoitv3-gui-egui（可选离屏）
Int	已实现				见对应源码层
IsAdmin	已实现				见对应源码层
IsArray	已实现				见对应源码层
IsBinary	已实现				见对应源码层
IsBool	已实现				见对应源码层
IsDeclared	已实现				见对应源码层
IsDllStruct	已实现				见对应源码层
IsFloat	已实现				见对应源码层
IsFunc	已实现				见对应源码层
IsHWnd	已实现				见对应源码层
IsInt	已实现				见对应源码层
IsKeyword	已实现				见对应源码层
IsMap	已实现				见对应源码层
IsNumber	已实现				见对应源码层
IsObj	已实现				见对应源码层
IsPtr	已实现				见对应源码层
IsString	已实现				见对应源码层
Log	已实现				见对应源码层
MapAppend	已实现				见对应源码层
MapExists	已实现				见对应源码层
MapKeys	已实现				见对应源码层
MapRemove	已实现				见对应源码层
MemGetStats	已实现				见对应源码层
Mod	已实现				见对应源码层
MouseClick	已实现				winemu/gui（无头）+ autoitv3-gui-egui（可选离屏）
MouseClickDrag	已实现				winemu/gui（无头）+ autoitv3-gui-egui（可选离屏）
MouseDown	已实现				winemu/gui（无头）+ autoitv3-gui-egui（可选离屏）
MouseGetCursor	已实现				winemu/gui（无头）+ autoitv3-gui-egui（可选离屏）
MouseGetPos	已实现				winemu/gui（无头）+ autoitv3-gui-egui（可选离屏）
MouseMove	已实现				winemu/gui（无头）+ autoitv3-gui-egui（可选离屏）
MouseUp	已实现				winemu/gui（无头）+ autoitv3-gui-egui（可选离屏）
MouseWheel	已实现				winemu/gui（无头）+ autoitv3-gui-egui（可选离屏）
MsgBox	已实现				winemu/gui（无头）+ autoitv3-gui-egui（可选离屏）
Number	已实现				见对应源码层
ObjCreate	已实现				见对应源码层
ObjCreateInterface	已实现				见对应源码层
ObjEvent	已实现				见对应源码层
ObjGet	已实现				见对应源码层
ObjName	已实现				见对应源码层
OnAutoItExitRegister	已实现				见对应源码层
OnAutoItExitUnRegister	已实现				见对应源码层
Opt	已实现				见对应源码层
Ping	已实现				见对应源码层
PixelChecksum	已实现				winemu/gui（无头）+ autoitv3-gui-egui（可选离屏）
PixelGetColor	已实现				winemu/gui（无头）+ autoitv3-gui-egui（可选离屏）
PixelSearch	已实现				winemu/gui（无头）+ autoitv3-gui-egui（可选离屏）
ProcessClose	已实现				见对应源码层
ProcessExists	已实现				见对应源码层
ProcessGetStats	已实现				见对应源码层
ProcessList	已实现				见对应源码层
ProcessSetPriority	已实现				见对应源码层
ProcessWait	已实现				见对应源码层
ProcessWaitClose	已实现				见对应源码层
ProgressOff	已实现				winemu/gui（无头）+ autoitv3-gui-egui（可选离屏）
ProgressOn	已实现				winemu/gui（无头）+ autoitv3-gui-egui（可选离屏）
ProgressSet	已实现				winemu/gui（无头）+ autoitv3-gui-egui（可选离屏）
Ptr	已实现				见对应源码层
Random	已实现				见对应源码层
RegDelete	已实现				见对应源码层
RegEnumKey	已实现				见对应源码层
RegEnumVal	已实现				见对应源码层
RegRead	已实现				见对应源码层
RegWrite	已实现				见对应源码层
Round	已实现				见对应源码层
Run	已实现				见对应源码层
RunAs	已实现				见对应源码层
RunAsWait	已实现				见对应源码层
RunWait	已实现				见对应源码层
Send	已实现				winemu/gui（无头）+ autoitv3-gui-egui（可选离屏）
SendKeepActive	已实现				winemu/gui（无头）+ autoitv3-gui-egui（可选离屏）
SetError	已实现				见对应源码层
SetExtended	已实现				见对应源码层
ShellExecute	已实现				见对应源码层
ShellExecuteWait	已实现				见对应源码层
Shutdown	已实现				见对应源码层
Sin	已实现				见对应源码层
Sleep	已实现				见对应源码层
SoundPlay	已实现				winemu/gui（无头）+ autoitv3-gui-egui（可选离屏）
SoundSetWaveVolume	已实现				winemu/gui（无头）+ autoitv3-gui-egui（可选离屏）
SplashImageOn	已实现				winemu/gui（无头）+ autoitv3-gui-egui（可选离屏）
SplashOff	已实现				winemu/gui（无头）+ autoitv3-gui-egui（可选离屏）
SplashTextOn	已实现				winemu/gui（无头）+ autoitv3-gui-egui（可选离屏）
Sqrt	已实现				见对应源码层
SRandom	已实现				见对应源码层
StatusbarGetText	已实现				winemu/gui（无头）+ autoitv3-gui-egui（可选离屏）
StderrRead	已实现				见对应源码层
StdinWrite	已实现				见对应源码层
StdioClose	已实现				见对应源码层
StdoutRead	已实现				见对应源码层
String	已实现				见对应源码层
StringAddCR	已实现				见对应源码层
StringCompare	已实现				见对应源码层
StringFormat	已实现				见对应源码层
StringFromASCIIArray	已实现				见对应源码层
StringInStr	已实现				见对应源码层
StringIsAlNum	已实现				见对应源码层
StringIsAlpha	已实现				见对应源码层
StringIsASCII	已实现				见对应源码层
StringIsDigit	已实现				见对应源码层
StringIsFloat	已实现				见对应源码层
StringIsInt	已实现				见对应源码层
StringIsLower	已实现				见对应源码层
StringIsSpace	已实现				见对应源码层
StringIsUpper	已实现				见对应源码层
StringIsXDigit	已实现				见对应源码层
StringLeft	已实现				见对应源码层
StringLen	已实现				见对应源码层
StringLower	已实现				见对应源码层
StringMid	已实现				见对应源码层
StringRegExp	已实现				见对应源码层
StringRegExpReplace	已实现				见对应源码层
StringReplace	已实现				见对应源码层
StringReverse	已实现				见对应源码层
StringRight	已实现				见对应源码层
StringSplit	已实现				见对应源码层
StringStripCR	已实现				见对应源码层
StringStripWS	已实现				见对应源码层
StringToASCIIArray	已实现				见对应源码层
StringToBinary	已实现				见对应源码层
StringTrimLeft	已实现				见对应源码层
StringTrimRight	已实现				见对应源码层
StringUpper	已实现				见对应源码层
Tan	已实现				见对应源码层
TCPAccept	已实现				见对应源码层
TCPCloseSocket	已实现				见对应源码层
TCPConnect	已实现				见对应源码层
TCPListen	已实现				见对应源码层
TCPNameToIP	已实现				见对应源码层
TCPRecv	已实现				见对应源码层
TCPSend	已实现				见对应源码层
TCPShutdown	已实现				见对应源码层
TCPStartup	已实现				见对应源码层
TimerDiff	已实现				见对应源码层
TimerInit	已实现				见对应源码层
ToolTip	已实现				winemu/gui（无头）+ autoitv3-gui-egui（可选离屏）
TrayCreateItem	已实现				winemu/gui（无头）+ autoitv3-gui-egui（可选离屏）
TrayCreateMenu	已实现				winemu/gui（无头）+ autoitv3-gui-egui（可选离屏）
TrayGetMsg	已实现				winemu/gui（无头）+ autoitv3-gui-egui（可选离屏）
TrayItemDelete	已实现				winemu/gui（无头）+ autoitv3-gui-egui（可选离屏）
TrayItemGetHandle	已实现				winemu/gui（无头）+ autoitv3-gui-egui（可选离屏）
TrayItemGetState	已实现				winemu/gui（无头）+ autoitv3-gui-egui（可选离屏）
TrayItemGetText	已实现				winemu/gui（无头）+ autoitv3-gui-egui（可选离屏）
TrayItemSetOnEvent	已实现				winemu/gui（无头）+ autoitv3-gui-egui（可选离屏）
TrayItemSetState	已实现				winemu/gui（无头）+ autoitv3-gui-egui（可选离屏）
TrayItemSetText	已实现				winemu/gui（无头）+ autoitv3-gui-egui（可选离屏）
TraySetClick	已实现				winemu/gui（无头）+ autoitv3-gui-egui（可选离屏）
TraySetIcon	已实现				winemu/gui（无头）+ autoitv3-gui-egui（可选离屏）
TraySetOnEvent	已实现				winemu/gui（无头）+ autoitv3-gui-egui（可选离屏）
TraySetPauseIcon	已实现				winemu/gui（无头）+ autoitv3-gui-egui（可选离屏）
TraySetState	已实现				winemu/gui（无头）+ autoitv3-gui-egui（可选离屏）
TraySetToolTip	已实现				winemu/gui（无头）+ autoitv3-gui-egui（可选离屏）
TrayTip	已实现				winemu/gui（无头）+ autoitv3-gui-egui（可选离屏）
UBound	已实现				见对应源码层
UDPBind	已实现				见对应源码层
UDPCloseSocket	已实现				见对应源码层
UDPOpen	已实现				见对应源码层
UDPRecv	已实现				见对应源码层
UDPSend	已实现				见对应源码层
UDPShutdown	已实现				见对应源码层
UDPStartup	已实现				见对应源码层
VarGetType	已实现				见对应源码层
WinActivate	已实现				winemu/gui（无头）+ autoitv3-gui-egui（可选离屏）
WinActive	已实现				winemu/gui（无头）+ autoitv3-gui-egui（可选离屏）
WinClose	已实现				winemu/gui（无头）+ autoitv3-gui-egui（可选离屏）
WinExists	已实现				winemu/gui（无头）+ autoitv3-gui-egui（可选离屏）
WinGetCaretPos	已实现				winemu/gui（无头）+ autoitv3-gui-egui（可选离屏）
WinGetClassList	已实现				winemu/gui（无头）+ autoitv3-gui-egui（可选离屏）
WinGetClientSize	已实现				winemu/gui（无头）+ autoitv3-gui-egui（可选离屏）
WinGetHandle	已实现				winemu/gui（无头）+ autoitv3-gui-egui（可选离屏）
WinGetPos	已实现				winemu/gui（无头）+ autoitv3-gui-egui（可选离屏）
WinGetProcess	已实现				winemu/gui（无头）+ autoitv3-gui-egui（可选离屏）
WinGetState	已实现				winemu/gui（无头）+ autoitv3-gui-egui（可选离屏）
WinGetText	已实现				winemu/gui（无头）+ autoitv3-gui-egui（可选离屏）
WinGetTitle	已实现				winemu/gui（无头）+ autoitv3-gui-egui（可选离屏）
WinKill	已实现				winemu/gui（无头）+ autoitv3-gui-egui（可选离屏）
WinList	已实现				winemu/gui（无头）+ autoitv3-gui-egui（可选离屏）
WinMenuSelectItem	已实现				winemu/gui（无头）+ autoitv3-gui-egui（可选离屏）
WinMinimizeAll	已实现				winemu/gui（无头）+ autoitv3-gui-egui（可选离屏）
WinMinimizeAllUndo	已实现				winemu/gui（无头）+ autoitv3-gui-egui（可选离屏）
WinMove	已实现				winemu/gui（无头）+ autoitv3-gui-egui（可选离屏）
WinSetOnTop	已实现				winemu/gui（无头）+ autoitv3-gui-egui（可选离屏）
WinSetState	已实现				winemu/gui（无头）+ autoitv3-gui-egui（可选离屏）
WinSetTitle	已实现				winemu/gui（无头）+ autoitv3-gui-egui（可选离屏）
WinWait	已实现				winemu/gui（无头）+ autoitv3-gui-egui（可选离屏）
WinWaitActive	已实现				winemu/gui（无头）+ autoitv3-gui-egui（可选离屏）
WinWaitClose	已实现				winemu/gui（无头）+ autoitv3-gui-egui（可选离屏）
WinWaitNotActive	已实现				winemu/gui（无头）+ autoitv3-gui-egui（可选离屏）
